Workbook

Sheet Ring Lookup
A1: Ring Lookup
A3: Type a ring number (1 = first ring at the start of the bridge, 44 = last):
A4: RING NUMBER >> | B4: 7
A6: Result | B6: Value
A7: Radius (ft) | B7: =INDEX('All Rings'!$G$3:$G$46,$B$4)
A8: Radius (ft-in) | B8: =INDEX('All Rings'!$H$3:$H$46,$B$4)
A9: Rotation (deg) - direction the gap faces; 90 = straight up, 180 = sideways | B9: =INDEX('All Rings'!$M$3:$M$46,$B$4)
A10: Arc opening (deg) - size of the gap in the ring | B10: =INDEX('All Rings'!$Q$3:$Q$46,$B$4)
A11: Gap length along the arc (ft) | B11: =INDEX('All Rings'!$R$3:$R$46,$B$4)
A12: Ring arc angle (deg) - the solid part of the ring | B12: =INDEX('All Rings'!$S$3:$S$46,$B$4)
A13: Ring arc length (ft) | B13: =INDEX('All Rings'!$T$3:$T$46,$B$4)
A14: Ring centre lift above the spine (ft) | B14: =INDEX('All Rings'!$I$3:$I$46,$B$4)
A15: Station: fraction of the way along the spine | B15: =INDEX('All Rings'!$D$3:$D$46,$B$4)
A18: How to use: change the yellow cell. Everything else is calculated.
A19: Drawing a ring: circle of the radius above, centred on the spine at that station and lifted by the centre lift.
A20: Remove a wedge of "arc opening" degrees centred on the rotation direction (90 = straight up). The arc runs from opening/2 to 360 - opening/2.
A21: Radius note: Grasshopper's exact scaling of the bell curve height is unconfirmed. For exact radii, fill the yellow cell B10 on the Inputs sheet.
A22: Rotation/opening: smooth curve through the 12 Gene Pool values. Spot-check one or two rings against Grasshopper Panels.

Sheet Inputs
A1: Inputs (values copied from the Grasshopper file 20261008_OPTION_A_SCRIPT_EQUAL_R_AT_ENDS.ghx)
A2: Setting | B2: Value | C2: Where it comes from
A3: RADIUS END (ft) | B3: 7.85 | C3: Slider RADIUS END
A4: RADIUS MID (ft) | B4: 9.639 | C4: Slider RADIUS MID
A5: FLAT RINGS | B5: 6 | C5: Slider FLAT RINGS: rings at each end held at RADIUS END
A6: Number of rings | B6: 44 | C6: Fixed. Ring count formula in the script gives 43 steps = 44 rings
A7: Bell curve centre (mean) | B7: 0.50024313 | C7: Graph Mapper (Gaussian) setting stored in the file
A8: Bell curve width (sdev) | B8: 0.11802799 | C8: Graph Mapper (Gaussian) setting stored in the file
A9: Bell curve height setting (factor) | B9: 0.44307667 | C9: Graph Mapper setting. How Grasshopper scales this is unconfirmed - see B11
A10: OPTIONAL: middle ring radius read from Grasshopper (ft) | C10: Leave blank, or type the largest radius from a Panel on the A+B feeding the ring Arc R input. It calibrates the bell height exactly.
A11: Bell height used | B11: =IF(B10="",B9,(B10-B3)/(B4-B3)/EXP(-((16/33-B7)^2)/(2*B8^2))) | C11: Uses B9, or back-calculates from B10 (middle ring = ring 22, t = 16/33)
A12: NEW CENTER OF CIRCLE FACTOR | B12: 0.6 | C12: Slider: ring centre lift = factor x (R - RADIUS END)
A13: SPAN (ft) | B13: 236.5 | C13: Slider SPAN
A14: PORTAL SPACING END (ft) | B14: 2 | C14: Slider
A15: PORTAL SPACING MID (ft) | B15: 7.5 | C15: Slider
A17: Gene Pool values (12 control points, evenly spaced along the bridge)
A18: Control point | B18: Position (0 to 1) | C18: ROTATION gene (deg) | D18: ARC OPENING gene (deg)
A19: 1 | B19: =0/11 | C19: 90 | D19: 123.3
A20: 2 | B20: =1/11 | C20: 90 | D20: 123.2
A21: 3 | B21: =2/11 | C21: 95.1 | D21: 123.1
A22: 4 | B22: =3/11 | C22: 111.2 | D22: 122.3
A23: 5 | B23: =4/11 | C23: 142.1 | D23: 117.4
A24: 6 | B24: =5/11 | C24: 180 | D24: 124
A25: 7 | B25: =6/11 | C25: 180 | D25: 124
A26: 8 | B26: =7/11 | C26: 142.1 | D26: 117.4
A27: 9 | B27: =8/11 | C27: 111.2 | D27: 122.3
A28: 10 | B28: =9/11 | C28: 95.1 | D28: 123.1
A29: 11 | B29: =10/11 | C29: 90 | D29: 123.2
A30: 12 | B30: =11/11 | C30: 90 | D30: 123.3
A32: Blue = values from the Grasshopper file (edit if the sliders/gene pools change). Black = formulas. Yellow = optional input.

Sheet All Rings
A1: Every ring (formulas - recalculates from the Inputs sheet)
A2: Ring # | B2: Script index i | C2: x = i/43 | D2: Station (fraction of spine length) | E2: t (flat-end clamp) | F2: Bell G(t) | G2: RADIUS (ft) | H2: RADIUS (ft-in) | I2: Centre lift (ft) | J2: rot seg | K2: rot a | L2: rot b | M2: ROTATION (deg) | N2: open seg | O2: open a | P2: open b | Q2: ARC OPENING gap (deg) | R2: Gap length along arc (ft) | S2: Ring arc angle (deg) | T2: Ring arc length (ft)
A3: 1 | B3: =A3-1 | C3: =B3/(Inputs!$B$6-1) | D3: =(Inputs!$B$14*C3+((Inputs!$B$15-Inputs!$B$14)/PI())*(1-COS(PI()*C3)))/(Inputs!$B$14+2*(Inputs!$B$15-Inputs!$B$14)/PI()) | E3: =MIN(MAX((C3-(Inputs!$B$5-1)/(Inputs!$B$6-1))/(1-2*(Inputs!$B$5-1)/(Inputs!$B$6-1)),0),1) | F3: =Inputs!$B$11*EXP(-((E3-Inputs!$B$7)^2)/(2*Inputs!$B$8^2)) | G3: =Inputs!$B$3+(Inputs!$B$4-Inputs!$B$3)*F3 | H3: =INT(G3)&"'-"&TEXT((G3-INT(G3))*12,"0.00")&"""" | I3: =Inputs!$B$12*(G3-Inputs!$B$3) | J3: =MIN(INT(E3*11),10) | K3: =(J3+1)/11-E3 | L3: =E3-J3/11 | M3: =INDEX('Spline Math'!$O$2:$O$13,J3+1)*K3^3/(6*(1/11))+INDEX('Spline Math'!$O$2:$O$13,J3+2)*L3^3/(6*(1/11))+(INDEX(Inputs!$C$19:$C$30,J3+1)-INDEX('Spline Math'!$O$2:$O$13,J3+1)*(1/11)^2/6)*K3/(1/11)+(INDEX(Inputs!$C$19:$C$30,J3+2)-INDEX('Spline Math'!$O$2:$O$13,J3+2)*(1/11)^2/6)*L3/(1/11) | N3: =MIN(INT(C3*11),10) | O3: =(N3+1)/11-C3 | P3: =C3-N3/11 | Q3: =INDEX('Spline Math'!$S$2:$S$13,N3+1)*O3^3/(6*(1/11))+INDEX('Spline Math'!$S$2:$S$13,N3+2)*P3^3/(6*(1/11))+(INDEX(Inputs!$D$19:$D$30,N3+1)-INDEX('Spline Math'!$S$2:$S$13,N3+1)*(1/11)^2/6)*O3/(1/11)+(INDEX(Inputs!$D$19:$D$30,N3+2)-INDEX('Spline Math'!$S$2:$S$13,N3+2)*(1/11)^2/6)*P3/(1/11) | R3: =G3*RADIANS(Q3) | S3: =360-Q3 | T3: =G3*RADIANS(S3)
A4: 2 | B4: =A4-1 | C4: =B4/(Inputs!$B$6-1) | D4: =(Inputs!$B$14*C4+((Inputs!$B$15-Inputs!$B$14)/PI())*(1-COS(PI()*C4)))/(Inputs!$B$14+2*(Inputs!$B$15-Inputs!$B$14)/PI()) | E4: =MIN(MAX((C4-(Inputs!$B$5-1)/(Inputs!$B$6-1))/(1-2*(Inputs!$B$5-1)/(Inputs!$B$6-1)),0),1) | F4: =Inputs!$B$11*EXP(-((E4-Inputs!$B$7)^2)/(2*Inputs!$B$8^2)) | G4: =Inputs!$B$3+(Inputs!$B$4-Inputs!$B$3)*F4 | H4: =INT(G4)&"'-"&TEXT((G4-INT(G4))*12,"0.00")&"""" | I4: =Inputs!$B$12*(G4-Inputs!$B$3) | J4: =MIN(INT(E4*11),10) | K4: =(J4+1)/11-E4 | L4: =E4-J4/11 | M4: =INDEX('Spline Math'!$O$2:$O$13,J4+1)*K4^3/(6*(1/11))+INDEX('Spline Math'!$O$2:$O$13,J4+2)*L4^3/(6*(1/11))+(INDEX(Inputs!$C$19:$C$30,J4+1)-INDEX('Spline Math'!$O$2:$O$13,J4+1)*(1/11)^2/6)*K4/(1/11)+(INDEX(Inputs!$C$19:$C$30,J4+2)-INDEX('Spline Math'!$O$2:$O$13,J4+2)*(1/11)^2/6)*L4/(1/11) | N4: =MIN(INT(C4*11),10) | O4: =(N4+1)/11-C4 | P4: =C4-N4/11 | Q4: =INDEX('Spline Math'!$S$2:$S$13,N4+1)*O4^3/(6*(1/11))+INDEX('Spline Math'!$S$2:$S$13,N4+2)*P4^3/(6*(1/11))+(INDEX(Inputs!$D$19:$D$30,N4+1)-INDEX('Spline Math'!$S$2:$S$13,N4+1)*(1/11)^2/6)*O4/(1/11)+(INDEX(Inputs!$D$19:$D$30,N4+2)-INDEX('Spline Math'!$S$2:$S$13,N4+2)*(1/11)^2/6)*P4/(1/11) | R4: =G4*RADIANS(Q4) | S4: =360-Q4 | T4: =G4*RADIANS(S4)
A5: 3 | B5: =A5-1 | C5: =B5/(Inputs!$B$6-1) | D5: =(Inputs!$B$14*C5+((Inputs!$B$15-Inputs!$B$14)/PI())*(1-COS(PI()*C5)))/(Inputs!$B$14+2*(Inputs!$B$15-Inputs!$B$14)/PI()) | E5: =MIN(MAX((C5-(Inputs!$B$5-1)/(Inputs!$B$6-1))/(1-2*(Inputs!$B$5-1)/(Inputs!$B$6-1)),0),1) | F5: =Inputs!$B$11*EXP(-((E5-Inputs!$B$7)^2)/(2*Inputs!$B$8^2)) | G5: =Inputs!$B$3+(Inputs!$B$4-Inputs!$B$3)*F5 | H5: =INT(G5)&"'-"&TEXT((G5-INT(G5))*12,"0.00")&"""" | I5: =Inputs!$B$12*(G5-Inputs!$B$3) | J5: =MIN(INT(E5*11),10) | K5: =(J5+1)/11-E5 | L5: =E5-J5/11 | M5: =INDEX('Spline Math'!$O$2:$O$13,J5+1)*K5^3/(6*(1/11))+INDEX('Spline Math'!$O$2:$O$13,J5+2)*L5^3/(6*(1/11))+(INDEX(Inputs!$C$19:$C$30,J5+1)-INDEX('Spline Math'!$O$2:$O$13,J5+1)*(1/11)^2/6)*K5/(1/11)+(INDEX(Inputs!$C$19:$C$30,J5+2)-INDEX('Spline Math'!$O$2:$O$13,J5+2)*(1/11)^2/6)*L5/(1/11) | N5: =MIN(INT(C5*11),10) | O5: =(N5+1)/11-C5 | P5: =C5-N5/11 | Q5: =INDEX('Spline Math'!$S$2:$S$13,N5+1)*O5^3/(6*(1/11))+INDEX('Spline Math'!$S$2:$S$13,N5+2)*P5^3/(6*(1/11))+(INDEX(Inputs!$D$19:$D$30,N5+1)-INDEX('Spline Math'!$S$2:$S$13,N5+1)*(1/11)^2/6)*O5/(1/11)+(INDEX(Inputs!$D$19:$D$30,N5+2)-INDEX('Spline Math'!$S$2:$S$13,N5+2)*(1/11)^2/6)*P5/(1/11) | R5: =G5*RADIANS(Q5) | S5: =360-Q5 | T5: =G5*RADIANS(S5)
A6: 4 | B6: =A6-1 | C6: =B6/(Inputs!$B$6-1) | D6: =(Inputs!$B$14*C6+((Inputs!$B$15-Inputs!$B$14)/PI())*(1-COS(PI()*C6)))/(Inputs!$B$14+2*(Inputs!$B$15-Inputs!$B$14)/PI()) | E6: =MIN(MAX((C6-(Inputs!$B$5-1)/(Inputs!$B$6-1))/(1-2*(Inputs!$B$5-1)/(Inputs!$B$6-1)),0),1) | F6: =Inputs!$B$11*EXP(-((E6-Inputs!$B$7)^2)/(2*Inputs!$B$8^2)) | G6: =Inputs!$B$3+(Inputs!$B$4-Inputs!$B$3)*F6 | H6: =INT(G6)&"'-"&TEXT((G6-INT(G6))*12,"0.00")&"""" | I6: =Inputs!$B$12*(G6-Inputs!$B$3) | J6: =MIN(INT(E6*11),10) | K6: =(J6+1)/11-E6 | L6: =E6-J6/11 | M6: =INDEX('Spline Math'!$O$2:$O$13,J6+1)*K6^3/(6*(1/11))+INDEX('Spline Math'!$O$2:$O$13,J6+2)*L6^3/(6*(1/11))+(INDEX(Inputs!$C$19:$C$30,J6+1)-INDEX('Spline Math'!$O$2:$O$13,J6+1)*(1/11)^2/6)*K6/(1/11)+(INDEX(Inputs!$C$19:$C$30,J6+2)-INDEX('Spline Math'!$O$2:$O$13,J6+2)*(1/11)^2/6)*L6/(1/11) | N6: =MIN(INT(C6*11),10) | O6: =(N6+1)/11-C6 | P6: =C6-N6/11 | Q6: =INDEX('Spline Math'!$S$2:$S$13,N6+1)*O6^3/(6*(1/11))+INDEX('Spline Math'!$S$2:$S$13,N6+2)*P6^3/(6*(1/11))+(INDEX(Inputs!$D$19:$D$30,N6+1)-INDEX('Spline Math'!$S$2:$S$13,N6+1)*(1/11)^2/6)*O6/(1/11)+(INDEX(Inputs!$D$19:$D$30,N6+2)-INDEX('Spline Math'!$S$2:$S$13,N6+2)*(1/11)^2/6)*P6/(1/11) | R6: =G6*RADIANS(Q6) | S6: =360-Q6 | T6: =G6*RADIANS(S6)
A7: 5 | B7: =A7-1 | C7: =B7/(Inputs!$B$6-1) | D7: =(Inputs!$B$14*C7+((Inputs!$B$15-Inputs!$B$14)/PI())*(1-COS(PI()*C7)))/(Inputs!$B$14+2*(Inputs!$B$15-Inputs!$B$14)/PI()) | E7: =MIN(MAX((C7-(Inputs!$B$5-1)/(Inputs!$B$6-1))/(1-2*(Inputs!$B$5-1)/(Inputs!$B$6-1)),0),1) | F7: =Inputs!$B$11*EXP(-((E7-Inputs!$B$7)^2)/(2*Inputs!$B$8^2)) | G7: =Inputs!$B$3+(Inputs!$B$4-Inputs!$B$3)*F7 | H7: =INT(G7)&"'-"&TEXT((G7-INT(G7))*12,"0.00")&"""" | I7: =Inputs!$B$12*(G7-Inputs!$B$3) | J7: =MIN(INT(E7*11),10) | K7: =(J7+1)/11-E7 | L7: =E7-J7/11 | M7: =INDEX('Spline Math'!$O$2:$O$13,J7+1)*K7^3/(6*(1/11))+INDEX('Spline Math'!$O$2:$O$13,J7+2)*L7^3/(6*(1/11))+(INDEX(Inputs!$C$19:$C$30,J7+1)-INDEX('Spline Math'!$O$2:$O$13,J7+1)*(1/11)^2/6)*K7/(1/11)+(INDEX(Inputs!$C$19:$C$30,J7+2)-INDEX('Spline Math'!$O$2:$O$13,J7+2)*(1/11)^2/6)*L7/(1/11) | N7: =MIN(INT(C7*11),10) | O7: =(N7+1)/11-C7 | P7: =C7-N7/11 | Q7: =INDEX('Spline Math'!$S$2:$S$13,N7+1)*O7^3/(6*(1/11))+INDEX('Spline Math'!$S$2:$S$13,N7+2)*P7^3/(6*(1/11))+(INDEX(Inputs!$D$19:$D$30,N7+1)-INDEX('Spline Math'!$S$2:$S$13,N7+1)*(1/11)^2/6)*O7/(1/11)+(INDEX(Inputs!$D$19:$D$30,N7+2)-INDEX('Spline Math'!$S$2:$S$13,N7+2)*(1/11)^2/6)*P7/(1/11) | R7: =G7*RADIANS(Q7) | S7: =360-Q7 | T7: =G7*RADIANS(S7)
A8: 6 | B8: =A8-1 | C8: =B8/(Inputs!$B$6-1) | D8: =(Inputs!$B$14*C8+((Inputs!$B$15-Inputs!$B$14)/PI())*(1-COS(PI()*C8)))/(Inputs!$B$14+2*(Inputs!$B$15-Inputs!$B$14)/PI()) | E8: =MIN(MAX((C8-(Inputs!$B$5-1)/(Inputs!$B$6-1))/(1-2*(Inputs!$B$5-1)/(Inputs!$B$6-1)),0),1) | F8: =Inputs!$B$11*EXP(-((E8-Inputs!$B$7)^2)/(2*Inputs!$B$8^2)) | G8: =Inputs!$B$3+(Inputs!$B$4-Inputs!$B$3)*F8 | H8: =INT(G8)&"'-"&TEXT((G8-INT(G8))*12,"0.00")&"""" | I8: =Inputs!$B$12*(G8-Inputs!$B$3) | J8: =MIN(INT(E8*11),10) | K8: =(J8+1)/11-E8 | L8: =E8-J8/11 | M8: =INDEX('Spline Math'!$O$2:$O$13,J8+1)*K8^3/(6*(1/11))+INDEX('Spline Math'!$O$2:$O$13,J8+2)*L8^3/(6*(1/11))+(INDEX(Inputs!$C$19:$C$30,J8+1)-INDEX('Spline Math'!$O$2:$O$13,J8+1)*(1/11)^2/6)*K8/(1/11)+(INDEX(Inputs!$C$19:$C$30,J8+2)-INDEX('Spline Math'!$O$2:$O$13,J8+2)*(1/11)^2/6)*L8/(1/11) | N8: =MIN(INT(C8*11),10) | O8: =(N8+1)/11-C8 | P8: =C8-N8/11 | Q8: =INDEX('Spline Math'!$S$2:$S$13,N8+1)*O8^3/(6*(1/11))+INDEX('Spline Math'!$S$2:$S$13,N8+2)*P8^3/(6*(1/11))+(INDEX(Inputs!$D$19:$D$30,N8+1)-INDEX('Spline Math'!$S$2:$S$13,N8+1)*(1/11)^2/6)*O8/(1/11)+(INDEX(Inputs!$D$19:$D$30,N8+2)-INDEX('Spline Math'!$S$2:$S$13,N8+2)*(1/11)^2/6)*P8/(1/11) | R8: =G8*RADIANS(Q8) | S8: =360-Q8 | T8: =G8*RADIANS(S8)
A9: 7 | B9: =A9-1 | C9: =B9/(Inputs!$B$6-1) | D9: =(Inputs!$B$14*C9+((Inputs!$B$15-Inputs!$B$14)/PI())*(1-COS(PI()*C9)))/(Inputs!$B$14+2*(Inputs!$B$15-Inputs!$B$14)/PI()) | E9: =MIN(MAX((C9-(Inputs!$B$5-1)/(Inputs!$B$6-1))/(1-2*(Inputs!$B$5-1)/(Inputs!$B$6-1)),0),1) | F9: =Inputs!$B$11*EXP(-((E9-Inputs!$B$7)^2)/(2*Inputs!$B$8^2)) | G9: =Inputs!$B$3+(Inputs!$B$4-Inputs!$B$3)*F9 | H9: =INT(G9)&"'-"&TEXT((G9-INT(G9))*12,"0.00")&"""" | I9: =Inputs!$B$12*(G9-Inputs!$B$3) | J9: =MIN(INT(E9*11),10) | K9: =(J9+1)/11-E9 | L9: =E9-J9/11 | M9: =INDEX('Spline Math'!$O$2:$O$13,J9+1)*K9^3/(6*(1/11))+INDEX('Spline Math'!$O$2:$O$13,J9+2)*L9^3/(6*(1/11))+(INDEX(Inputs!$C$19:$C$30,J9+1)-INDEX('Spline Math'!$O$2:$O$13,J9+1)*(1/11)^2/6)*K9/(1/11)+(INDEX(Inputs!$C$19:$C$30,J9+2)-INDEX('Spline Math'!$O$2:$O$13,J9+2)*(1/11)^2/6)*L9/(1/11) | N9: =MIN(INT(C9*11),10) | O9: =(N9+1)/11-C9 | P9: =C9-N9/11 | Q9: =INDEX('Spline Math'!$S$2:$S$13,N9+1)*O9^3/(6*(1/11))+INDEX('Spline Math'!$S$2:$S$13,N9+2)*P9^3/(6*(1/11))+(INDEX(Inputs!$D$19:$D$30,N9+1)-INDEX('Spline Math'!$S$2:$S$13,N9+1)*(1/11)^2/6)*O9/(1/11)+(INDEX(Inputs!$D$19:$D$30,N9+2)-INDEX('Spline Math'!$S$2:$S$13,N9+2)*(1/11)^2/6)*P9/(1/11) | R9: =G9*RADIANS(Q9) | S9: =360-Q9 | T9: =G9*RADIANS(S9)
A10: 8 | B10: =A10-1 | C10: =B10/(Inputs!$B$6-1) | D10: =(Inputs!$B$14*C10+((Inputs!$B$15-Inputs!$B$14)/PI())*(1-COS(PI()*C10)))/(Inputs!$B$14+2*(Inputs!$B$15-Inputs!$B$14)/PI()) | E10: =MIN(MAX((C10-(Inputs!$B$5-1)/(Inputs!$B$6-1))/(1-2*(Inputs!$B$5-1)/(Inputs!$B$6-1)),0),1) | F10: =Inputs!$B$11*EXP(-((E10-Inputs!$B$7)^2)/(2*Inputs!$B$8^2)) | G10: =Inputs!$B$3+(Inputs!$B$4-Inputs!$B$3)*F10 | H10: =INT(G10)&"'-"&TEXT((G10-INT(G10))*12,"0.00")&"""" | I10: =Inputs!$B$12*(G10-Inputs!$B$3) | J10: =MIN(INT(E10*11),10) | K10: =(J10+1)/11-E10 | L10: =E10-J10/11 | M10: =INDEX('Spline Math'!$O$2:$O$13,J10+1)*K10^3/(6*(1/11))+INDEX('Spline Math'!$O$2:$O$13,J10+2)*L10^3/(6*(1/11))+(INDEX(Inputs!$C$19:$C$30,J10+1)-INDEX('Spline Math'!$O$2:$O$13,J10+1)*(1/11)^2/6)*K10/(1/11)+(INDEX(Inputs!$C$19:$C$30,J10+2)-INDEX('Spline Math'!$O$2:$O$13,J10+2)*(1/11)^2/6)*L10/(1/11) | N10: =MIN(INT(C10*11),10) | O10: =(N10+1)/11-C10 | P10: =C10-N10/11 | Q10: =INDEX('Spline Math'!$S$2:$S$13,N10+1)*O10^3/(6*(1/11))+INDEX('Spline Math'!$S$2:$S$13,N10+2)*P10^3/(6*(1/11))+(INDEX(Inputs!$D$19:$D$30,N10+1)-INDEX('Spline Math'!$S$2:$S$13,N10+1)*(1/11)^2/6)*O10/(1/11)+(INDEX(Inputs!$D$19:$D$30,N10+2)-INDEX('Spline Math'!$S$2:$S$13,N10+2)*(1/11)^2/6)*P10/(1/11) | R10: =G10*RADIANS(Q10) | S10: =360-Q10 | T10: =G10*RADIANS(S10)
A11: 9 | B11: =A11-1 | C11: =B11/(Inputs!$B$6-1) | D11: =(Inputs!$B$14*C11+((Inputs!$B$15-Inputs!$B$14)/PI())*(1-COS(PI()*C11)))/(Inputs!$B$14+2*(Inputs!$B$15-Inputs!$B$14)/PI()) | E11: =MIN(MAX((C11-(Inputs!$B$5-1)/(Inputs!$B$6-1))/(1-2*(Inputs!$B$5-1)/(Inputs!$B$6-1)),0),1) | F11: =Inputs!$B$11*EXP(-((E11-Inputs!$B$7)^2)/(2*Inputs!$B$8^2)) | G11: =Inputs!$B$3+(Inputs!$B$4-Inputs!$B$3)*F11 | H11: =INT(G11)&"'-"&TEXT((G11-INT(G11))*12,"0.00")&"""" | I11: =Inputs!$B$12*(G11-Inputs!$B$3) | J11: =MIN(INT(E11*11),10) | K11: =(J11+1)/11-E11 | L11: =E11-J11/11 | M11: =INDEX('Spline Math'!$O$2:$O$13,J11+1)*K11^3/(6*(1/11))+INDEX('Spline Math'!$O$2:$O$13,J11+2)*L11^3/(6*(1/11))+(INDEX(Inputs!$C$19:$C$30,J11+1)-INDEX('Spline Math'!$O$2:$O$13,J11+1)*(1/11)^2/6)*K11/(1/11)+(INDEX(Inputs!$C$19:$C$30,J11+2)-INDEX('Spline Math'!$O$2:$O$13,J11+2)*(1/11)^2/6)*L11/(1/11) | N11: =MIN(INT(C11*11),10) | O11: =(N11+1)/11-C11 | P11: =C11-N11/11 | Q11: =INDEX('Spline Math'!$S$2:$S$13,N11+1)*O11^3/(6*(1/11))+INDEX('Spline Math'!$S$2:$S$13,N11+2)*P11^3/(6*(1/11))+(INDEX(Inputs!$D$19:$D$30,N11+1)-INDEX('Spline Math'!$S$2:$S$13,N11+1)*(1/11)^2/6)*O11/(1/11)+(INDEX(Inputs!$D$19:$D$30,N11+2)-INDEX('Spline Math'!$S$2:$S$13,N11+2)*(1/11)^2/6)*P11/(1/11) | R11: =G11*RADIANS(Q11) | S11: =360-Q11 | T11: =G11*RADIANS(S11)
A12: 10 | B12: =A12-1 | C12: =B12/(Inputs!$B$6-1) | D12: =(Inputs!$B$14*C12+((Inputs!$B$15-Inputs!$B$14)/PI())*(1-COS(PI()*C12)))/(Inputs!$B$14+2*(Inputs!$B$15-Inputs!$B$14)/PI()) | E12: =MIN(MAX((C12-(Inputs!$B$5-1)/(Inputs!$B$6-1))/(1-2*(Inputs!$B$5-1)/(Inputs!$B$6-1)),0),1) | F12: =Inputs!$B$11*EXP(-((E12-Inputs!$B$7)^2)/(2*Inputs!$B$8^2)) | G12: =Inputs!$B$3+(Inputs!$B$4-Inputs!$B$3)*F12 | H12: =INT(G12)&"'-"&TEXT((G12-INT(G12))*12,"0.00")&"""" | I12: =Inputs!$B$12*(G12-Inputs!$B$3) | J12: =MIN(INT(E12*11),10) | K12: =(J12+1)/11-E12 | L12: =E12-J12/11 | M12: =INDEX('Spline Math'!$O$2:$O$13,J12+1)*K12^3/(6*(1/11))+INDEX('Spline Math'!$O$2:$O$13,J12+2)*L12^3/(6*(1/11))+(INDEX(Inputs!$C$19:$C$30,J12+1)-INDEX('Spline Math'!$O$2:$O$13,J12+1)*(1/11)^2/6)*K12/(1/11)+(INDEX(Inputs!$C$19:$C$30,J12+2)-INDEX('Spline Math'!$O$2:$O$13,J12+2)*(1/11)^2/6)*L12/(1/11) | N12: =MIN(INT(C12*11),10) | O12: =(N12+1)/11-C12 | P12: =C12-N12/11 | Q12: =INDEX('Spline Math'!$S$2:$S$13,N12+1)*O12^3/(6*(1/11))+INDEX('Spline Math'!$S$2:$S$13,N12+2)*P12^3/(6*(1/11))+(INDEX(Inputs!$D$19:$D$30,N12+1)-INDEX('Spline Math'!$S$2:$S$13,N12+1)*(1/11)^2/6)*O12/(1/11)+(INDEX(Inputs!$D$19:$D$30,N12+2)-INDEX('Spline Math'!$S$2:$S$13,N12+2)*(1/11)^2/6)*P12/(1/11) | R12: =G12*RADIANS(Q12) | S12: =360-Q12 | T12: =G12*RADIANS(S12)
A13: 11 | B13: =A13-1 | C13: =B13/(Inputs!$B$6-1) | D13: =(Inputs!$B$14*C13+((Inputs!$B$15-Inputs!$B$14)/PI())*(1-COS(PI()*C13)))/(Inputs!$B$14+2*(Inputs!$B$15-Inputs!$B$14)/PI()) | E13: =MIN(MAX((C13-(Inputs!$B$5-1)/(Inputs!$B$6-1))/(1-2*(Inputs!$B$5-1)/(Inputs!$B$6-1)),0),1) | F13: =Inputs!$B$11*EXP(-((E13-Inputs!$B$7)^2)/(2*Inputs!$B$8^2)) | G13: =Inputs!$B$3+(Inputs!$B$4-Inputs!$B$3)*F13 | H13: =INT(G13)&"'-"&TEXT((G13-INT(G13))*12,"0.00")&"""" | I13: =Inputs!$B$12*(G13-Inputs!$B$3) | J13: =MIN(INT(E13*11),10) | K13: =(J13+1)/11-E13 | L13: =E13-J13/11 | M13: =INDEX('Spline Math'!$O$2:$O$13,J13+1)*K13^3/(6*(1/11))+INDEX('Spline Math'!$O$2:$O$13,J13+2)*L13^3/(6*(1/11))+(INDEX(Inputs!$C$19:$C$30,J13+1)-INDEX('Spline Math'!$O$2:$O$13,J13+1)*(1/11)^2/6)*K13/(1/11)+(INDEX(Inputs!$C$19:$C$30,J13+2)-INDEX('Spline Math'!$O$2:$O$13,J13+2)*(1/11)^2/6)*L13/(1/11) | N13: =MIN(INT(C13*11),10) | O13: =(N13+1)/11-C13 | P13: =C13-N13/11 | Q13: =INDEX('Spline Math'!$S$2:$S$13,N13+1)*O13^3/(6*(1/11))+INDEX('Spline Math'!$S$2:$S$13,N13+2)*P13^3/(6*(1/11))+(INDEX(Inputs!$D$19:$D$30,N13+1)-INDEX('Spline Math'!$S$2:$S$13,N13+1)*(1/11)^2/6)*O13/(1/11)+(INDEX(Inputs!$D$19:$D$30,N13+2)-INDEX('Spline Math'!$S$2:$S$13,N13+2)*(1/11)^2/6)*P13/(1/11) | R13: =G13*RADIANS(Q13) | S13: =360-Q13 | T13: =G13*RADIANS(S13)
A14: 12 | B14: =A14-1 | C14: =B14/(Inputs!$B$6-1) | D14: =(Inputs!$B$14*C14+((Inputs!$B$15-Inputs!$B$14)/PI())*(1-COS(PI()*C14)))/(Inputs!$B$14+2*(Inputs!$B$15-Inputs!$B$14)/PI()) | E14: =MIN(MAX((C14-(Inputs!$B$5-1)/(Inputs!$B$6-1))/(1-2*(Inputs!$B$5-1)/(Inputs!$B$6-1)),0),1) | F14: =Inputs!$B$11*EXP(-((E14-Inputs!$B$7)^2)/(2*Inputs!$B$8^2)) | G14: =Inputs!$B$3+(Inputs!$B$4-Inputs!$B$3)*F14 | H14: =INT(G14)&"'-"&TEXT((G14-INT(G14))*12,"0.00")&"""" | I14: =Inputs!$B$12*(G14-Inputs!$B$3) | J14: =MIN(INT(E14*11),10) | K14: =(J14+1)/11-E14 | L14: =E14-J14/11 | M14: =INDEX('Spline Math'!$O$2:$O$13,J14+1)*K14^3/(6*(1/11))+INDEX('Spline Math'!$O$2:$O$13,J14+2)*L14^3/(6*(1/11))+(INDEX(Inputs!$C$19:$C$30,J14+1)-INDEX('Spline Math'!$O$2:$O$13,J14+1)*(1/11)^2/6)*K14/(1/11)+(INDEX(Inputs!$C$19:$C$30,J14+2)-INDEX('Spline Math'!$O$2:$O$13,J14+2)*(1/11)^2/6)*L14/(1/11) | N14: =MIN(INT(C14*11),10) | O14: =(N14+1)/11-C14 | P14: =C14-N14/11 | Q14: =INDEX('Spline Math'!$S$2:$S$13,N14+1)*O14^3/(6*(1/11))+INDEX('Spline Math'!$S$2:$S$13,N14+2)*P14^3/(6*(1/11))+(INDEX(Inputs!$D$19:$D$30,N14+1)-INDEX('Spline Math'!$S$2:$S$13,N14+1)*(1/11)^2/6)*O14/(1/11)+(INDEX(Inputs!$D$19:$D$30,N14+2)-INDEX('Spline Math'!$S$2:$S$13,N14+2)*(1/11)^2/6)*P14/(1/11) | R14: =G14*RADIANS(Q14) | S14: =360-Q14 | T14: =G14*RADIANS(S14)
... A46: 44 | B46: =A46-1 | C46: =B46/(Inputs!$B$6-1) | D46: =(Inputs!$B$14*C46+((Inputs!$B$15-Inputs!$B$14)/PI())*(1-COS(PI()*C46)))/(Inputs!$B$14+2*(Inputs!$B$15-Inputs!$B$14)/PI()) | E46: =MIN(MAX((C46-(Inputs!$B$5-1)/(Inputs!$B$6-1))/(1-2*(Inputs!$B$5-1)/(Inputs!$B$6-1)),0),1) | F46: =Inputs!$B$11*EXP(-((E46-Inputs!$B$7)^2)/(2*Inputs!$B$8^2)) | G46: =Inputs!$B$3+(Inputs!$B$4-Inputs!$B$3)*F46 | H46: =INT(G46)&"'-"&TEXT((G46-INT(G46))*12,"0.00")&"""" | I46: =Inputs!$B$12*(G46-Inputs!$B$3) | J46: =MIN(INT(E46*11),10) | K46: =(J46+1)/11-E46 | L46: =E46-J46/11 | M46: =INDEX('Spline Math'!$O$2:$O$13,J46+1)*K46^3/(6*(1/11))+INDEX('Spline Math'!$O$2:$O$13,J46+2)*L46^3/(6*(1/11))+(INDEX(Inputs!$C$19:$C$30,J46+1)-INDEX('Spline Math'!$O$2:$O$13,J46+1)*(1/11)^2/6)*K46/(1/11)+(INDEX(Inputs!$C$19:$C$30,J46+2)-INDEX('Spline Math'!$O$2:$O$13,J46+2)*(1/11)^2/6)*L46/(1/11) | N46: =MIN(INT(C46*11),10) | O46: =(N46+1)/11-C46 | P46: =C46-N46/11 | Q46: =INDEX('Spline Math'!$S$2:$S$13,N46+1)*O46^3/(6*(1/11))+INDEX('Spline Math'!$S$2:$S$13,N46+2)*P46^3/(6*(1/11))+(INDEX(Inputs!$D$19:$D$30,N46+1)-INDEX('Spline Math'!$S$2:$S$13,N46+1)*(1/11)^2/6)*O46/(1/11)+(INDEX(Inputs!$D$19:$D$30,N46+2)-INDEX('Spline Math'!$S$2:$S$13,N46+2)*(1/11)^2/6)*P46/(1/11) | R46: =G46*RADIANS(Q46) | S46: =360-Q46 | T46: =G46*RADIANS(S46)
A48: Columns J-L and N-P are helper steps for the smooth-curve (spline) calculation.

Sheet Spline Math
A1: Natural cubic spline through the 12 gene values (reproduces Grasshopper Interpolate: degree 3, uniform knots, evenly spaced points) | O1: Rot M (all 12) | S1: Open M (all 12)
A2: Tridiagonal matrix (constant) | M2: Rot RHS | N2: Rot M (interior) | O2: 0 | Q2: Open RHS | R2: Open M (interior) | S2: 0
B3: 4 | C3: 1 | D3: 0 | E3: 0 | F3: 0 | G3: 0 | H3: 0 | I3: 0 | J3: 0 | K3: 0 | M3: =6*121*(Inputs!C19-2*Inputs!C20+Inputs!C21) | N3: {=MMULT(MINVERSE(B3:K12),M3:M12)} | O3: =N3 | Q3: =6*121*(Inputs!D19-2*Inputs!D20+Inputs!D21) | R3: {=MMULT(MINVERSE(B3:K12),Q3:Q12)} | S3: =R3
B4: 1 | C4: 4 | D4: 1 | E4: 0 | F4: 0 | G4: 0 | H4: 0 | I4: 0 | J4: 0 | K4: 0 | M4: =6*121*(Inputs!C20-2*Inputs!C21+Inputs!C22) | O4: =N4 | Q4: =6*121*(Inputs!D20-2*Inputs!D21+Inputs!D22) | S4: =R4
B5: 0 | C5: 1 | D5: 4 | E5: 1 | F5: 0 | G5: 0 | H5: 0 | I5: 0 | J5: 0 | K5: 0 | M5: =6*121*(Inputs!C21-2*Inputs!C22+Inputs!C23) | O5: =N5 | Q5: =6*121*(Inputs!D21-2*Inputs!D22+Inputs!D23) | S5: =R5
B6: 0 | C6: 0 | D6: 1 | E6: 4 | F6: 1 | G6: 0 | H6: 0 | I6: 0 | J6: 0 | K6: 0 | M6: =6*121*(Inputs!C22-2*Inputs!C23+Inputs!C24) | O6: =N6 | Q6: =6*121*(Inputs!D22-2*Inputs!D23+Inputs!D24) | S6: =R6
B7: 0 | C7: 0 | D7: 0 | E7: 1 | F7: 4 | G7: 1 | H7: 0 | I7: 0 | J7: 0 | K7: 0 | M7: =6*121*(Inputs!C23-2*Inputs!C24+Inputs!C25) | O7: =N7 | Q7: =6*121*(Inputs!D23-2*Inputs!D24+Inputs!D25) | S7: =R7
B8: 0 | C8: 0 | D8: 0 | E8: 0 | F8: 1 | G8: 4 | H8: 1 | I8: 0 | J8: 0 | K8: 0 | M8: =6*121*(Inputs!C24-2*Inputs!C25+Inputs!C26) | O8: =N8 | Q8: =6*121*(Inputs!D24-2*Inputs!D25+Inputs!D26) | S8: =R8
B9: 0 | C9: 0 | D9: 0 | E9: 0 | F9: 0 | G9: 1 | H9: 4 | I9: 1 | J9: 0 | K9: 0 | M9: =6*121*(Inputs!C25-2*Inputs!C26+Inputs!C27) | O9: =N9 | Q9: =6*121*(Inputs!D25-2*Inputs!D26+Inputs!D27) | S9: =R9
B10: 0 | C10: 0 | D10: 0 | E10: 0 | F10: 0 | G10: 0 | H10: 1 | I10: 4 | J10: 1 | K10: 0 | M10: =6*121*(Inputs!C26-2*Inputs!C27+Inputs!C28) | O10: =N10 | Q10: =6*121*(Inputs!D26-2*Inputs!D27+Inputs!D28) | S10: =R10
B11: 0 | C11: 0 | D11: 0 | E11: 0 | F11: 0 | G11: 0 | H11: 0 | I11: 1 | J11: 4 | K11: 1 | M11: =6*121*(Inputs!C27-2*Inputs!C28+Inputs!C29) | O11: =N11 | Q11: =6*121*(Inputs!D27-2*Inputs!D28+Inputs!D29) | S11: =R11
B12: 0 | C12: 0 | D12: 0 | E12: 0 | F12: 0 | G12: 0 | H12: 0 | I12: 0 | J12: 1 | K12: 4 | M12: =6*121*(Inputs!C28-2*Inputs!C29+Inputs!C30) | O12: =N12 | Q12: =6*121*(Inputs!D28-2*Inputs!D29+Inputs!D30) | S12: =R12
O13: 0 | S13: 0
